2020-10-08T03:09:01.437+03:00,@BreakingNews WTF!!! why are we not attacking N.K. before they fire &amp; destroy Hawaii.Did we not LEARN anything from Pearl Harbor! HELLO!,0.0,0.0
2020-10-08T03:10:02.176+03:00,@BreakingTweets I love the &quot;snarky comments&quot;  bit,1.0,1.0
2020-10-08T03:11:01.463+03:00,@breakinporcelan Sweet!,1.0,1.0
2020-10-08T03:12:01.546+03:00,@Breakthruguy - Thanks for the follow &amp; keep running.,1.0,1.0
2020-10-08T03:13:01.449+03:00,@BreakThruGuy Sounds great Paul .... breathe easy and well today ...,1.0,1.0
2020-10-08T03:16:01.702+03:00,@brealmercy aww what happened?,0.0,0.0
2020-10-08T03:18:01.803+03:00,@BreanicPanic  My little cat does that sometimes. I'm getting them fixed July 16. Im kinda nervous. They're my babies,0.0,0.0
2020-10-08T03:19:02.246+03:00,@BreannaBonana well when you say 4 moons in real life its supposed to mean 4 months so that just shows u that there fuckin retards,0.0,1.0
2020-10-08T03:21:02.273+03:00,@breannaheater wish I could talk... Have fun,1.0,1.0
2020-10-08T03:22:02.134+03:00,@breannanardini what are you talking about????,0.0,1.0
2020-10-08T03:23:02.158+03:00,@breannax0 hahaha! thats really funny! im glad my uking made your day better,0.0,1.0
2020-10-08T03:24:01.424+03:00,@breanne19 I can't go. I just feel so yuck.  I don't know what to do.,0.0,0.0
2020-10-08T03:25:01.743+03:00,@breanne19 i know i really wish we were going to boise to see them again.,0.0,0.0
2020-10-08T03:26:02.181+03:00,@breannnna meeee too! I'm supposed to be up in 3 hours,0.0,1.0
2020-10-08T03:28:02.247+03:00,@breastmates I love your store  havne't had anyone round me with a baby for a while. prob good thing. I'd get clucky!,0.0,1.0
2020-10-08T03:29:01.585+03:00,@BreatheBand &lt;33 you guys are awesome!  http://twitgoo.com/o8jp,1.0,1.0
2020-10-08T03:30:01.469+03:00,@BreatheBand ComeTo Australia,1.0,1.0
2020-10-08T03:32:01.706+03:00,@breatheheavycom hugs!!,0.0,1.0
2020-10-08T03:33:01.710+03:00,@breatheheavycom why?,1.0,1.0
2020-10-08T03:34:01.926+03:00,@breatheheavycom you're amazing!!! did that cheer u up? cuz its the truth,1.0,1.0
2020-10-08T03:35:01.757+03:00,@breathein26,1.0,1.0
2020-10-08T03:36:01.806+03:00,@breatheitin - Thanks so much for all the mentions!,1.0,1.0
2020-10-08T03:37:02.288+03:00,@breathejess hey jess,1.0,1.0
2020-10-08T03:38:01.972+03:00,@Breathemusic27 tell me about it! I love colorado.,1.0,1.0
2020-10-08T03:39:01.954+03:00,@breatheprod Maya Kibbel DOES NOT have a facebook or myspace page,1.0,1.0
2020-10-08T03:40:01.514+03:00,@BreatheSuccexy am chinese. I was very inspired by Da Vinci exhibition. Learnt about 25 secrets of Mona lisa,1.0,1.0
2020-10-08T03:41:02.356+03:00,@breatheyoga You needed to tweet this yesterday,0.0,1.0
2020-10-08T03:42:01.774+03:00,@breathfineposs,1.0,1.0
2020-10-08T03:43:01.712+03:00,@breathingdakota 'twas a good night.  i can't remember if i left my coat in your car or brought it in to morts. russ lost his camera also,0.0,1.0
2020-10-08T03:44:02.309+03:00,@breathmynt TY!,1.0,1.0
2020-10-08T03:45:01.771+03:00,@Breathtakiiing awwwwww. i wish you could start now.,0.0,1.0
2020-10-08T03:47:01.467+03:00,@brebishop you're never on skype these days!,1.0,0.0
2020-10-08T03:49:01.701+03:00,@Brecape aww. I'm sorry  it can't be fixed?,0.0,0.0
2020-10-08T03:50:01.699+03:00,@BrechtDW Very nice  How is living in Dubai? Your twitpic account has some amazing photos on it!,1.0,1.0
2020-10-08T04:28:01.674+03:00,@brechtryckaert thanks for the welcome,1.0,1.0
2020-10-08T04:29:01.577+03:00,@breckpetekaren Not a big winter fan. the reason im still here- love the heat (&amp; job)but missing my nephews grow up  Im torn and stuck,0.0,1.0
2020-10-08T04:30:02.128+03:00,@breclark I got your email today.  I feel the same way!,0.0,1.0
2020-10-08T04:31:02.169+03:00,@bree_101 http://twitpic.com/5crrg - awwww cute  i agree! BEST MOVIE IN THE WORLD,1.0,1.0
2020-10-08T04:32:01.826+03:00,@Bree_89 I would if I had money on my card  tomorrow.,0.0,0.0
2020-10-08T04:33:01.380+03:00,@bree_ann_dan  guess whos back bish  ull never get rid of me,0.0,0.0
2020-10-08T04:34:01.693+03:00,@bree_bear  i wanna make one of them blog writers,1.0,1.0
2020-10-08T04:35:01.742+03:00,@bree_bear  im sowee,0.0,0.0
2020-10-08T04:36:01.335+03:00,@bree_bear D: thats not good  why did they do the surgery,0.0,0.0
2020-10-08T04:37:01.872+03:00,@bree_bear omg thats soo sad  wow i feel so bad for all of them i realy hope the election changes things,0.0,1.0
2020-10-08T04:38:02.663+03:00,@Bree_Fero Deal! haha! I like how we're making plans without @raylonion... ps still so excited for our movie night on thurs!,0.0,1.0
2020-10-08T04:39:01.832+03:00,@Bree1282 i can email them to you if you want! what's your email? direct message it to me,0.0,1.0
2020-10-08T04:42:02.455+03:00,@Breeanner I love watching Christmas movies in the summer. so funny. I like Elf and National Lampoons Christmas Vacation,1.0,1.0
2020-10-08T04:43:01.777+03:00,@BREEawNUHH ;) I win.  and am going to bed. ;-;,0.0,1.0
2020-10-08T04:44:02.155+03:00,@breebreeee  i had to party with my dad. and it wasn't a party.....*sob*,0.0,0.0
2020-10-08T04:45:01.760+03:00,@breedersatp thanks for a great weekend!! Highlight was defo Wire and Shellac,1.0,1.0
2020-10-08T04:46:01.364+03:00,@breedimetria @blackaricanma alright ladies! I'll be back to chat l8r. Bout to take care of Lil A bcuz he doesnt feel well  ttyl twitches!,0.0,0.0
2020-10-08T04:47:02.201+03:00,@breedimetria I'm only 115,0.0,1.0
2020-10-08T04:48:02.091+03:00,@breedimetria mannnn hell yea dat nigga be parkin lot pumpin.....I made a mistake &amp;saw a parkin lot scene in his phone one day! Kilt me,0.0,0.0
2020-10-08T04:49:01.699+03:00,@Breedimetria Your up too  why can't I be.. *no fair*,0.0,0.0
2020-10-08T04:50:01.912+03:00,@breeeeeanne i want to watch with you,0.0,1.0
2020-10-08T04:51:02.244+03:00,@breelin omg u r NOT!! I'm soooo sad dude I'm gonna have to watch it all by myself now,0.0,0.0
2020-10-08T04:52:02.151+03:00,@breelovesy0u Hey how r u this evening?,1.0,1.0
2020-10-08T04:53:01.837+03:00,@Breemeetsworld Thanks Bree. Good to know a Scottish accent is more important to you than me.,1.0,1.0
2020-10-08T04:54:02.199+03:00,@breenah  &lt;3 Can you talk to your doctor/prescriber about this? It could be you've gotten too used to it...maybe?,0.0,1.0
2020-10-08T04:55:01.433+03:00,@breeoleary fuck. that's horrible  at least she's not suffering anymore.. she's in a better place.. i love you.. i hope you're ok..,0.0,1.0
2020-10-08T04:56:01.757+03:00,@BreeOlson9,1.0,1.0
2020-10-08T04:58:02.178+03:00,@BreeOlson9 awww  you want a gift?,0.0,1.0
2020-10-08T04:59:01.963+03:00,@BreeOlson9 just voted...best of luck babe!,1.0,1.0
2020-10-08T05:00:01.341+03:00,@BreeOlson9 that blows!,0.0,0.0
2020-10-08T05:01:02.065+03:00,@BreeOlson9 to ME!,1.0,1.0
2020-10-08T05:02:01.759+03:00,@BreeOlson9 You look so sad!,1.0,0.0
2020-10-08T05:03:02.634+03:00,@BreeRulezd00d me too  and cause we are crazy enough to sleep out for jay leno. hahah thats good enough for me! i hope she sings too!,0.0,1.0
2020-10-08T05:07:01.627+03:00,@Breesuh oh i know same   it really sucks!  i.d's - who really needs them right?  i'll just drive anyway ;P,0.0,0.0
2020-10-08T05:43:02.037+03:00,@BreeSymone  HEY GIRLY,1.0,1.0
2020-10-08T05:44:02.262+03:00,@BreeSymone haha i said it too and a few others so u arent alone  lmao,0.0,1.0
2020-10-08T05:45:01.403+03:00,@BreeSymone I agree.... Especial the first 10 seconds!!,0.0,0.0
2020-10-08T05:46:01.832+03:00,@BreeSymone WOOOOOOOOOOOOOOW nigga i mean we cool but i will fight you  !!!! or we gon have that &quot;ur friend can come 2&quot; going on LMAO j/p,1.0,1.0
2020-10-08T05:47:02.300+03:00,@BreeSymone: well that is one twisted purity ring lol!  i kid i kid,0.0,1.0
2020-10-08T05:48:02.100+03:00,@breeze80 I can only imagine - I'm so excited for you!!!!,0.0,1.0
2020-10-08T05:51:01.808+03:00,@Breezy4Sheezy Yeah we love ya,1.0,1.0
2020-10-08T05:52:01.824+03:00,@breezyballababe  no doudt its kool...im not at work bored until tonight...lol,0.0,1.0
2020-10-08T05:53:01.731+03:00,@breezyballababe Bahaha...i mean Aww,0.0,1.0
2020-10-08T05:54:02.209+03:00,@breezyballababe kk i will. I feel bad for bubbles,0.0,0.0
2020-10-08T05:55:02.592+03:00,@breezybee97 you dont miss me!,0.0,0.0
2020-10-08T05:56:01.442+03:00,@BreezyCloud yesss it is!  Haha @MizzShelley yes i make sure they suffer for stepping into my boundaries lol,0.0,0.0
2020-10-08T05:57:01.908+03:00,@BreezyDoll I no longer have a blackberry anymore  Boyfriend#2 is dead LOL,0.0,0.0
2020-10-08T05:59:01.855+03:00,@breezyefbaby u scare me,0.0,0.0
2020-10-08T06:00:01.447+03:00,@breezyfeen inooo girl that's why I;m broke lmao! I;m going on a clubbing holiday 2 weeks 2day xD! awwww poor thing,0.0,1.0
2020-10-08T06:01:02.087+03:00,@breezygoodman come see a movie with meee.,0.0,1.0
2020-10-08T06:02:02.198+03:00,@BreezyH i think ten posts just went up.,0.0,1.0
2020-10-08T06:03:02.092+03:00,@breghesquiere heyyy! congrats! that is so awesome that you got in!,1.0,1.0
2020-10-08T06:04:01.681+03:00,@brehenley way to stop by and say hey!,0.0,1.0
2020-10-08T06:06:02.168+03:00,@Breko haha no thank YOU!!!! you were awesome!,1.0,1.0
2020-10-08T06:07:02.122+03:00,@brelons saw your train thing in the paper. Congrats,0.0,1.0
2020-10-08T06:08:02.070+03:00,@Brelston That is bad ass. oh Tmnt I miss you so,0.0,0.0
2020-10-08T06:09:02.114+03:00,@bremonique is incredibly sick today....grey goose is not ur friend.,0.0,0.0
2020-10-08T06:11:01.815+03:00,@bren_311 i wont be nosey and ask but whatever it is i hope everything is okay.,0.0,1.0
2020-10-08T06:13:01.811+03:00,@Bren_311 i'm sorry.  you should maybe watch a funny movie or something. that usually works for me.,0.0,1.0
2020-10-08T06:12:02.139+03:00,@bren_311 im sorry  i figured out what mine was. i had to vomit. TMI.,0.0,0.0
2020-10-08T06:15:01.308+03:00,@Bren_311 Thanks,1.0,1.0
2020-10-08T06:17:02.305+03:00,@BrenaDwita for the driving license of courseee haha. how was dufaaan? its a pitty i cant join you yesterday,0.0,1.0
2020-10-08T06:18:01.875+03:00,@brenda_song i feel like a dork too,0.0,1.0
2020-10-08T06:19:01.653+03:00,@brenda_song Just finished your marathon haha I loved it,1.0,1.0
2020-10-08T06:20:02.108+03:00,@brenda_song My older cousin loves you so much. Specially in suite life.,1.0,1.0
2020-10-08T06:21:01.825+03:00,@brenda_song what is your fav color??,1.0,1.0
2020-10-08T08:12:04.540+03:00,@BrendaBea Yeah...Daniel gets lonely...no one ever calls him anymore  Jack's doing well with eating,0.0,0.0
2020-10-08T08:13:04.515+03:00,@brendacooper Thanks for Following me back  xoxoxo,1.0,1.0
2020-10-08T08:16:04.696+03:00,@brendajos People point and laugh as it is...at least in that hat I can relive my high school days in the hills of Virginia.,0.0,0.0
2020-10-08T08:17:04.552+03:00,@brendajuice (no comment x 2)     anyways aim session. send me the stuff...,0.0,1.0
2020-10-08T08:18:04.634+03:00,@Brendaleann my heart goes out to you and your family Brenda.,1.0,1.0
2020-10-08T08:19:05.218+03:00,@brendalogy    cheer up dear!,1.0,1.0
2020-10-08T08:20:04.629+03:00,@brendalogy argh don't be silly dear,0.0,0.0
2020-10-08T08:21:05.039+03:00,@brendalyonsb a big hey-LO to you!,1.0,1.0
2020-10-08T08:22:04.562+03:00,@brendamantz  I'd do the same thing. Now you have a long weekend to look forward to.  Wish I was a better gardener. Tend to kill things!,1.0,1.0
2020-10-08T08:23:04.846+03:00,@brendamantz Thanks for the compliment. I do my best  You should definitly check out the WFG if you haven't already!  http://twurl.cc/yrt,1.0,1.0
2020-10-08T08:25:04.920+03:00,@BrendanDeBeasi The dark stroke defines it much better..nice work. Unusual icon overlay effect in tweetdeck when you mouse over your icon,1.0,1.0
2020-10-08T08:28:04.489+03:00,@BrendanKuhn yeah. thats great news for you but then for me god knows when.  sigh.,0.0,1.0
2020-10-08T08:29:04.909+03:00,@brendansiva Just re-read that. You ate garoupa  It's a think-twice fish on the WWF list. Oh well.,1.0,0.0
2020-10-08T08:30:04.564+03:00,@brendanvalencia It's not too easy to find vegan food here but I think this website is helpful  www.vegietokyo.com/index.html,1.0,1.0
2020-10-08T08:31:04.646+03:00,@BrendanWenzel Hey Brendan!  We don't have exact dates yet but will be the first week of September at this stage! Will be a BLAST!,0.0,1.0
2020-10-08T08:32:04.563+03:00,@BrendanWenzel Why on earth would you want to live in California? The old California abbreviation Calif = Come And Live In Florida,1.0,1.0
2020-10-08T08:33:04.522+03:00,@brendaofficcial Hola ! Brenda !  I love u i love patito feooo are u going to continue also with another season ?  lo,1.0,1.0
2020-10-08T08:34:04.588+03:00,@brendapaige  only lame kids get grounded :] what did you do? i &lt;3 youuu,0.0,1.0
2020-10-08T08:36:04.614+03:00,@brendaxoxo  HAHAHAHA thanks,1.0,1.0
2020-10-08T08:38:04.657+03:00,@brenddaxo I hope u didn't reply,1.0,0.0
2020-10-08T08:39:04.532+03:00,@brenddaxo lmao youu do love boootay. Andd fml we're all having the same issue.,1.0,1.0
2020-10-08T08:40:04.542+03:00,@brenden @jclay3 Both suck.,0.0,0.0
2020-10-08T08:41:04.468+03:00,@brenditaaloz u no longer want 2 be my friend cause u now have famous radio friends  like the WEALTHY weather girl...,0.0,1.0
2020-10-08T08:43:04.621+03:00,@BrendonBudness unfortunatley it is the tooth kind of crown,0.0,0.0
2020-10-08T09:59:04.590+03:00,@brendonuriesays helloooo brendon(: reply please,1.0,1.0
2020-10-08T10:00:04.540+03:00,@brendonuriesays http://twitpic.com/2y9sg - love that movie. and song that is playing at this scene.,1.0,1.0
2020-10-08T10:01:04.876+03:00,@brendonuriesays I live in the OC. I would drive out there but it'll probably be gone by the time I reach there,0.0,0.0
2020-10-08T10:02:04.609+03:00,@brendonuriesays Only if you give me diamonds to wear on the soles of my shoes,0.0,1.0
2020-10-08T10:03:04.492+03:00,@brendonuriesays that CTD song is the most annoying song ever.,1.0,0.0
2020-10-08T10:04:04.857+03:00,@Brendu_mcr @mcr_rocks_alot Is it The Rasmus? I'm twitting from my phone. I can't see it right now,0.0,1.0
2020-10-08T10:06:04.524+03:00,@Brendu_mcr Hello! You there honey?,1.0,1.0
2020-10-08T10:07:04.545+03:00,@brendyn way to offend mutes,0.0,0.0
2020-10-08T10:09:04.691+03:00,@brenherrera - Thanks for including me in your &quot;hot guy friends&quot; list!,1.0,1.0
2020-10-08T10:10:04.482+03:00,@brenherrera super star chef of twitter. lol! saw ur good news. hey lemme kno if u stil gonna do that sushi class girlz night luv.. cya!,1.0,1.0
2020-10-08T10:11:04.524+03:00,@Brenna_Bee thannkyou,1.0,1.0
2020-10-08T10:12:05.398+03:00,@brennabeesmalls  Lame. Smalls and Biggs are much cooler. I guess I'll live with my normal name.,0.0,1.0
2020-10-08T10:13:04.605+03:00,@BrennaBreakdown  i have to actually agree with you.. at my school its the end of the year and our teacher still gives us work... uhhhh,0.0,0.0
2020-10-08T10:14:04.542+03:00,@BrennaBreakdown Put up the Brenna Is Ghey video!!! And the ones from my party last year!!!,0.0,1.0
2020-10-08T10:17:04.566+03:00,@brennafender Sure did lol. I had a good laugh,0.0,1.0
2020-10-08T10:18:04.536+03:00,@BrennaKate i have a twitter too,1.0,1.0
2020-10-08T10:19:04.951+03:00,@Brennamor Always good to see childhood friends again!,1.0,1.0
2020-10-08T10:20:04.518+03:00,@BrennanAnnie - did a nice long stretch post easy spin and knee feeling good  only bummer is missing Britney tonight due to LDN transport!,0.0,1.0
2020-10-08T10:21:04.603+03:00,@BrennanAnnie Done it twice now. Fantastic atmosphere &amp; great fun. No more for a year as damaged foot tendons  Mountains next!,1.0,1.0
2020-10-08T10:22:04.987+03:00,@BrennanAnnie mine go through spurts when all they want to do is video games. This time of year it's outside most of the day. YEAH,0.0,0.0
2020-10-08T10:24:04.669+03:00,@brennasaurus  Lame! Mom said she has to work all say on Saturday. :'(,0.0,0.0
2020-10-08T10:25:04.929+03:00,@brennig now to figure out why installed themes show header text in wrong place.,0.0,1.0
2020-10-08T10:26:04.537+03:00,@BrenSanti awwh just read this...thanks bren!,1.0,1.0
2020-10-08T10:27:05.142+03:00,@brenstrong have you seen this? It's an oldie but a clever-y (and now it looks broken-y  ) http://weallhatequickbooks.com/,0.0,0.0
2020-10-08T10:29:04.676+03:00,@brentbolthouse Have a beautiful day guys...Good Luck,1.0,1.0
2020-10-08T10:30:04.508+03:00,@brentbolthouse http://twitpic.com/6qhfe -  thanks Brent,1.0,1.0
2020-10-08T10:31:04.544+03:00,@brentbolthouse http://twitpic.com/6qhfe Ooohhh very beautiful picture.,1.0,1.0
2020-10-08T10:32:04.535+03:00,@brentbolthouse http://twitpic.com/6rujr - Men at work! Who's this chicken head sitting by tomo? Lol,0.0,0.0
2020-10-08T10:33:04.520+03:00,@brentbolthouse Owww. That looks really painful. I hope you get better soon,0.0,1.0
2020-10-08T10:34:04.922+03:00,@brentconklin is quite possibly the first person I've heard who &quot;wanted&quot; to be at the Trop when the Sox or Yankees weren't in town!,0.0,1.0
2020-10-08T11:13:04.839+03:00,@BrentCorrigan00 but u did not accept me,0.0,1.0
2020-10-08T11:14:04.505+03:00,@BrentCorrigan00 hope that u'll hv a gr8 day ahead,1.0,1.0
2020-10-08T11:16:04.518+03:00,@BrentCorrigan00 http://twitpic.com/7y03y - can't see it !,0.0,1.0
2020-10-08T11:17:04.535+03:00,@BrentCorrigan00 http://twitpic.com/8525c - Oh no... I'm sooooo sorry to hear about this... you have my condolences. For real.,0.0,1.0
2020-10-08T11:18:04.473+03:00,@BrentCorrigan00 OMFG that is so sad! RIP Dukie,0.0,0.0
2020-10-08T11:19:04.918+03:00,@BrentCorrigan00 sooooo sorry to hear about your dog  My heart goes out!,0.0,1.0
2020-10-08T11:20:04.860+03:00,@BrentCorrigan00 you are too cute with your twitpics haha. was fun meeting you at Splash when you were here in nyc,1.0,1.0
2020-10-08T11:24:04.461+03:00,@brentgudgel I'll tell her you said that...I'm sure she will agree.,0.0,1.0
2020-10-08T11:25:04.572+03:00,@brenthodgson let's have dinner tonight  loving Melbourne,1.0,1.0
2020-10-08T11:27:04.692+03:00,@BrentLauren awwww man  this blows,0.0,0.0
2020-10-08T11:28:05.001+03:00,@BrentLauren bcause little things rock,1.0,1.0
2020-10-08T11:29:04.526+03:00,@BrentLauren I can't have dairy,1.0,1.0
2020-10-08T11:30:04.618+03:00,@BrentLauren its &quot;customized&quot; to my body type... its like greens egg whites tuna boiled chicken or turkey brown rice no dairy no sugar,0.0,1.0
2020-10-08T11:31:04.918+03:00,@BrentLauren not at allllll... the good thing is is that I get to eat again in a few minutes.... but that has no flavor either,0.0,0.0
2020-10-08T11:33:05.173+03:00,@BrentLauren seriously lol...this dude was hardcore staring @ me in starbucks while he picked his teeth!  skeeve...,0.0,0.0
2020-10-08T11:35:05.136+03:00,@brentmartell Thanks bro. I don't feel quite so stupid now,0.0,1.0
2020-10-08T11:36:04.512+03:00,@BrentMayne T.'s a big boy alright.  Got that good mamma home cooking every night since retirement.,0.0,1.0
2020-10-08T11:37:05.021+03:00,@brentmulligan hahaha your awesome to beef,1.0,1.0
2020-10-08T11:38:04.670+03:00,@brentnhunter you look like such a happy fellow,1.0,1.0
2020-10-08T11:40:04.679+03:00,@BrentO it's true for me too! I'm a newbie on twitter and I learned all necessary basic from your blog,1.0,1.0
2020-10-08T11:41:04.715+03:00,@BrentO ok great thanks. You are a plethora of knowledge  thanks again,1.0,1.0
2020-10-08T11:42:04.529+03:00,@BrentO She! Maybe that was our first mistake.  Not everyone is as cool as @sqlfool  (brown nose moment),0.0,0.0
2020-10-08T11:43:04.686+03:00,@brentonrae Good luck! I only have to worry about one.,0.0,1.0
2020-10-08T11:47:04.536+03:00,@BrentSpiner please don't die! You'll take a part of me with you.,0.0,1.0
2020-10-08T00:22:04.891+03:00,@Davidptdf Omg David The Chat Was Amazing Last Night  I Hope To See You Very Soon ! Love and Miss You Guys  Mrs.CJBaran&lt;3,1.0,1.0
2020-10-08T00:23:01.769+03:00,@davidrankin I read that on Wikipedia... that's so sad.    He was extremely talented - every sample he picked out went perfectly.,1.0,1.0
2020-10-08T00:24:01.638+03:00,@davidrediger third times the charm.,1.0,1.0
2020-10-08T00:25:01.634+03:00,@DavidRGarza They're not into Harry Potter? How sad.,1.0,0.0
2020-10-08T00:26:01.940+03:00,@DavidRHaslam really can't wait to watch Star Trek! You guys who watched it make me jealous,0.0,1.0
2020-10-08T00:28:01.995+03:00,@davidrisley have to resist.. i can't.. I TOLD YOU SO,1.0,0.0
2020-10-08T00:30:01.990+03:00,@davidrobots is that your resignatiom from myy bband?,1.0,1.0
2020-10-08T00:33:02.644+03:00,@DavidRozansky We had a VERY active BBS community here $ yrs. 100s of 'em. Even 1st national relay FIDO-Nets.  AOL killed BBSing.    LOSS!,0.0,0.0
2020-10-08T00:35:01.484+03:00,@davidrules04 Still say Atrophy is their best tune,1.0,1.0
2020-10-08T00:36:01.469+03:00,@davidrules04 well i`m in classs til 4.30 then nada haha. i`m so jealous  i wanna sunbathe!,0.0,0.0
2020-10-08T00:37:01.575+03:00,@davidryanmusic mine wasnt so good...really bad..but anyways how was yours?? im sure you had  fun,0.0,1.0
2020-10-08T00:38:01.580+03:00,@davidryanmusic oooh cant wait. Its going to be amazing!,0.0,1.0
2020-10-08T00:39:01.913+03:00,@DavidSadof I'm not sure about this tweet business  Why are the simple things so difficult?,0.0,0.0
2020-10-08T00:40:02.317+03:00,@DavidSandumArt Would it be futile then to try and make brain &amp; heart work together and agree on something?,0.0,1.0
2020-10-08T00:41:01.956+03:00,@DavidScharfe your tweet was just included in The Longest Poem in the World www.longestpoemintheworld.com/tweet/14239/,1.0,1.0
2020-10-08T00:42:02.143+03:00,@davidschneider  Ooh good you're a year older than me!   Many happy returns of the blessed day!,1.0,1.0
2020-10-08T00:43:01.953+03:00,@davidschneider Right on Bros the one with the laugh very hard to ignore but some might say well worth the effort,0.0,1.0
2020-10-08T00:44:01.824+03:00,@davidschwimmer  Angels &amp; Demons is very good!  ~,1.0,1.0
2020-10-08T00:45:01.601+03:00,@davidschwimmer : Well I hope I helped  1 more follower!! ))) Youre great! I wish you the best of luck!!,1.0,1.0
2020-10-08T00:46:02.755+03:00,@davidschwimmer Hey David- you are awesome. Just had one thing to say though...PIVOT!,1.0,1.0
2020-10-08T00:48:02.236+03:00,@davidschwimmer i'm actually watching Friends right now. haha. The episode were it's thanksgiving and Brad Pitt is in it. Your hilarious!,1.0,1.0
2020-10-08T01:23:02.277+03:00,@davidschwimmer it sux in toronto!!! rainy and cold =( how about you!?!?!?! love you like crazy nite peace out,1.0,1.0
2020-10-08T01:24:01.868+03:00,@davidschwimmer it was like 90 something degrees in St. Louis today!! INSANE...love ya David! watch reruns of Friends constantly!,1.0,1.0
2020-10-08T01:25:01.759+03:00,@davidschwimmer the weather in england is amazing at the moment! Not a cloud in the sky,1.0,1.0
2020-10-08T01:26:01.796+03:00,@davidschwimmer- would totally love a shout out as well....Plz...,1.0,1.0
2020-10-08T01:27:01.769+03:00,@davidSEIBEI woo hoo! My shirts came today! Thank you  http://yfrog.com/157ymj,1.0,1.0
2020-10-08T01:28:01.768+03:00,@davidsevern ah dave I'm tired. Been at it since 9am  finally the little buggers have gone. Everything went really well though  post a..,0.0,1.0
2020-10-08T01:30:01.840+03:00,@davidshortle thanks 4 the #followfriday - who can resist following the lovable Irish over at MacCraic.com and @justingbyrne,1.0,1.0
2020-10-08T01:31:01.815+03:00,@davidsillen  sooooooothing.,1.0,1.0
2020-10-08T01:32:01.794+03:00,@DavidsJosephine dang...i get like about 35 lately    i need moolah! lol,0.0,0.0
2020-10-08T01:33:01.270+03:00,@davidskelton fine pathology it is followed by boo review! It's your turn (and I mean personally) to do dinner,0.0,1.0
2020-10-08T00:49:01.872+03:00,@DavidSlate - I seriously think so!  LOL. She's crazy!  I came home to a wild animal haha.,0.0,1.0
2020-10-08T00:51:01.902+03:00,@DavidSmith01  jk yo,0.0,1.0
2020-10-08T01:34:01.309+03:00,@DavidSmith01 super lucky. I don't live too far from it but I graduate tonight and allllll of my family is up for me,1.0,1.0
2020-10-08T01:35:02.084+03:00,@DavidSmith01 you're the shit,1.0,0.0
2020-10-08T00:52:01.898+03:00,@davidspade honestly is always the best policy,1.0,1.0
2020-10-08T00:53:01.879+03:00,@DavidSpinks @mattChevy I did Fantasy Football Once...Never Got Into It That Much,0.0,1.0
2020-10-08T01:37:01.691+03:00,@davidspruell Just ripping here.  That ad buy I was going to speak w/you about looks to be on hold for a bit. Company changed hands. :-/,0.0,0.0
2020-10-08T01:38:01.720+03:00,@davidspruell yes plastic boxes are amazing,1.0,1.0
2020-10-08T00:55:01.872+03:00,@DavidssonAsa they're only shipping that shield to north america,1.0,0.0
2020-10-08T00:56:01.846+03:00,@DavidsTea nice. i'll have to try it out  just posted on your facebook fanpage. woo woo!!,1.0,1.0
2020-10-08T00:57:01.575+03:00,@davidsteven ...would that be a good or bad thing.../? Or just a precursor to some dithering?,0.0,0..0
2020-10-08T00:58:01.358+03:00,@davidsteven but I really do appreciate ur concern on the security of the layman,1.0,1.0
2020-10-08T00:59:01.861+03:00,@davidsteven I know.. I think it going to run and run and run.,0.0,0.0
2020-10-08T01:00:01.857+03:00,@davidsteven I owe you a Nihari,1.0,1.0
2020-10-08T01:40:02.139+03:00,@davidtbaxter and i really appreciate you thinkin of us,1.0,1.0
2020-10-08T01:03:01.711+03:00,@davidtdf i wish i could go  you guys have to come to Puerto Rico  love youu.,1.0,1.0
2020-10-08T01:41:01.695+03:00,@davidtennantfan hehe...I know So many little Tennant's about! Ho hum anyway must get working again soon!,0.0,1.0
2020-10-08T01:42:01.570+03:00,@davidthiele Dave we are so excited for you as you play on stage at Disneyland--Rock on!,1.0,1.0
2020-10-08T01:04:01.811+03:00,@davidtreynolds but but but. I want steak,0.0,0.0
2020-10-08T01:05:01.687+03:00,@davidtse916 did ur trainer tell u that ?,1.0,1.0
2020-10-08T01:44:01.745+03:00,@davidturners Don't encourage people to listen to Daddy  He puts his shiny suit and mask on and talks about weird stuff to me if you do,0.0,0.0
2020-10-08T01:08:01.655+03:00,@davidturners missedthe show man,1.0,1.0
2020-10-08T01:09:01.684+03:00,@davidu His mom and dad separated at the beach? Swimming will never be the same for him again.,0.0,0.0
2020-10-08T01:45:02.572+03:00,@davidusher  I hope you're having a great weekend! I can't wait to hear all of the new songs you've been writing!Love from the T-Dot!  xo,1.0,1.0
2020-10-08T01:46:02.270+03:00,@davidvancamp That's awful.  I wish mine would stop making fat jokes.,0.0,0.0
2020-10-08T01:10:02.119+03:00,@DavidVandenberg - Come down tomorrow  Wednesday is Social Media day at @Webciety #Cebit,0.0,1.0
2020-10-08T01:47:01.237+03:00,@DavidVert me too,1.0,1.0
2020-10-08T01:48:01.895+03:00,@DavidWaldock I wasn't trying to break into my own office! I just hit the wrong button on the keypad and it ALL went wrong!,0.0,0.0
2020-10-08T01:49:01.388+03:00,@DavidWalkerTV can I have a thousand of yours for a while just so I  can feel the &quot;love&quot;,1.0,1.0
2020-10-08T01:14:01.431+03:00,@davidwalshblog doesn't render correctly in IE7,0.0,1.0
2020-10-08T01:52:01.758+03:00,@DavidWhe  Your more than welcome to include a link to us no need to ask  and thanks,1.0,1.0
2020-10-08T01:53:03.101+03:00,@DavidWhe if I had the new eyefi card that does video.  but I don't.,0.0,1.0
2020-10-08T01:54:02.175+03:00,@davidwhittam I had a work weekend  and today I overslept the University...What did you do?,0.0,1.0
2020-10-08T01:55:02.200+03:00,@davidwhittam Morning love. Another load o' films to watch@wkend.  @The_Arn is right. Japan is wonderful. Let's go next year.,1.0,1.0
2020-10-08T02:32:02.181+03:00,@davidwildgoose @ElPrezAU Emoticons and everything next to every release date!,0.0,1.0
2020-10-08T02:33:01.324+03:00,@davidwindell you weren't kidding ... zimbra desktop client is murdering the battery,0.0,1.0
2020-10-08T01:19:01.289+03:00,@DavidWMagee ah. I lived all over the Baltimore/DC suburbs the last 5 yes then finally made it back to my home state,0.0,1.0
2020-10-08T02:35:02.201+03:00,@davidwynne Awwwwwww. Where's your beaming smiiiile?!,0.0,1.0
2020-10-08T02:36:01.446+03:00,@davidwynne BAHAHAHAHA. I've already gotten you to yell TWICE today! It will be a fantastic day,0.0,1.0
2020-10-08T02:37:02.185+03:00,@davidwynne I bet your teeth only hurt from SMILIN SO MUCH because of me!!,0.0,1.0
2020-10-08T02:39:02.126+03:00,@davidxkeller nope! that's like two hours from me booo and i tried to text you from aim but it didn't work? i don't have unlimited,0.0,0.0
2020-10-08T02:40:01.849+03:00,@Davidxo  take me on a date,0.0,1.0
2020-10-08T01:20:01.982+03:00,@Davidxo I wanna be there lol!!!,0.0,1.0
2020-10-08T02:41:01.406+03:00,@Davidxo why don't u stay their?? I would have to politely disagree,0.0,0.0
2020-10-08T02:42:01.809+03:00,@davidyeiser that is indeed a realization thats hard to admit,0.0,1.0
2020-10-08T02:43:01.845+03:00,@davidyell cool  there are some other ways of using the docs which some find better: http://bit.ly/DhOtB,1.0,1.0
2020-10-08T02:44:01.874+03:00,@davidyell curry would go down pretty well right now  problem is I like a beer with curry. Me + beer at lunchtime = snoozing on keyboard!,0.0,1.0
2020-10-08T02:46:01.894+03:00,@davidyunker I cant wait to hear all abt your Derby experience,0.0,1.0
2020-10-08T02:47:02.322+03:00,@daviesgravey HOW DO I FIND THAT????,0.0,1.0
2020-10-08T02:48:02.183+03:00,@daviesgravey I wanna be dead  but I don't I can see that from my fone,0.0,0.0
2020-10-08T02:49:03.256+03:00,@daviesgravey im on my phone. I can't see bubble tweets right now,0.0,1.0
2020-10-08T02:50:02.202+03:00,@Daviesgravey not happy sad cuz its gonna hurt,0.0,0.0
2020-10-08T01:22:01.973+03:00,@daviesgravey who from the mayhem crew is @kkej827 and whycome they don't love me  lol,1.0,1.0
2020-10-08T01:56:02.181+03:00,@Daviesgravey womp,1.0,0.0
2020-10-08T01:58:01.794+03:00,@DaViexJonas im gonna send you a e-mail where i explain all the crazyness today .. just ti explain,0.0,0.0
2020-10-08T01:59:01.756+03:00,@DaViexJonas now im looking forward to schools over so i can go back home and sleep,0.0,0.0
2020-10-08T02:00:01.936+03:00,@DaViexJonas ps i hope you're not getting sick  feel better!!,0.0,1.0
2020-10-08T02:51:02.603+03:00,@daviexxjonas DAVIE!!!! i missed you  glad you're back!!,1.0,1.0
2020-10-08T02:01:01.746+03:00,@davillahan Aww i'm sorry i couldn't help,0.0,0.0
2020-10-08T02:52:02.163+03:00,@davin111284 We are the &quot;Fugazi Patrol&quot; and our motto is &quot;If you see a clown point em out&quot; please let everyone know about us,1.0,1.0
2020-10-08T02:54:01.750+03:00,@Davina_Morris aww thank you  Everton did well &amp; get record 4 fastest goal in FA cup history,1.0,1.0
2020-10-08T02:02:01.359+03:00,@Davina_Morris I just feel as though no one really ever listens to me  So writing it down helps...slightly.,0.0,0.0
2020-10-08T02:04:01.413+03:00,@davinafaifer mac is my beautiful cat who's very sick. Found out today that he's got two more tumors and he's having surgery on Thursday,0.0,0.0
2020-10-08T02:55:02.428+03:00,@davinafaifer yeah I was waiting for my stuff to print,0.0,1.0
2020-10-08T02:56:02.280+03:00,@Davinator You see my numbers,0.0,1.0
2020-10-08T02:57:02.504+03:00,@davinauea Sorry to remind you,0.0,0.0
2020-10-08T02:06:01.716+03:00,@Davinche I know  Them times there having a phone that could save more than 10 messages was big so how was I 2 know it wud evolve so quick,0.0,1.0
2020-10-08T02:07:02.162+03:00,@DaVincisBlogLog Glad to see you are back up and running too. Whew!,0.0,1.0
2020-10-08T02:08:02.158+03:00,@davindermahal considering they're schedules overlap; this I have to see!!,1.0,1.0
2020-10-08T02:09:01.343+03:00,@davindermahal Ouch! lollll It's the weekend Davinderrrr!!!!!!!!!!!!! Well almost...,1.0,1.0
2020-10-08T02:10:01.795+03:00,@davinington I was riding in my car today with that on blast lol but yea its straight,0.0,0.0
2020-10-08T02:58:01.913+03:00,@davis_b hahah i've gotta see that,0.0,1.0
2020-10-08T02:59:01.999+03:00,@davis1862 This is the kind of day that I really miss having a motorcycle! But the wife says that was part of my single life.,0.0,0.0
2020-10-08T03:00:01.870+03:00,@davisannam hahaahaah... i finally got around to reading that. glad you didn't post a pic.,0.0,1.0
2020-10-08T03:01:01.765+03:00,@davisimyangel ugh i have to take bio next semester.,0.0,0.0
2020-10-08T03:02:02.205+03:00,@Davisjd64 awww! Atleast she will be home soon. Glad you had a good day tho. I hope you didn't cry when you left.,0.0,1.0
2020-10-08T03:03:02.487+03:00,@davismitchell pretty much!,0.0,1.0
2020-10-08T02:12:02.200+03:00,@davisphinney who won? Can't get internet,0.0,0.0
2020-10-08T02:14:02.008+03:00,@davitostar and your with child(crazy) btw she's adorable and look exactly like u,1.0,1.0
2020-10-08T02:15:02.143+03:00,@davkell @micfitzgerald god I miss the left bank,0.0,0.0
2020-10-08T02:16:01.603+03:00,@davmac @veloce but it involves installing a dev kernel and running something after each reboot. Really Pitty  http://bit.ly/zxdaJ,0.0,0.0
2020-10-08T03:05:01.397+03:00,@davmac you had a script for Conky-Twitter integration?  (http://tinyurl.com/l5ydxc),0.0,1.0
2020-10-08T02:17:01.797+03:00,@DavNews I am lost. Please help me find a good home.,0.0,0.0
2020-10-08T02:18:02.026+03:00,@davo_77 not the same without David Tennant in it. I miss him 'waahh',0.0,1.0
2020-10-08T02:19:02.151+03:00,@davoaust blech scotch. give me vodka any day,1.0,1.0
2020-10-08T02:20:02.472+03:00,@davorado @LeglessLush @Bonniestwit @Bluenscottish @AKNickerson @emigrant  Thanks,1.0,1.0
2020-10-08T02:21:01.854+03:00,@davorado Being followed by the KING of twitters is the only riches I need. Thank you for being my friend. Have a gr8 week2u and family,1.0,1.0
2020-10-08T02:22:02.404+03:00,@davorado my pleasure,1.0,1.0
2020-10-08T03:07:01.336+03:00,@davorg I'd be waiting for Planet CCRMA to catch up anyway,0.0,0.0
2020-10-08T03:51:01.736+03:00,@DavorinPavlica we hear you,0.0,1.0
2020-10-08T03:52:01.284+03:00,@davorkapozgan CongratulationS. Great funky site! U did it waaw,1.0,1.0
2020-10-08T02:23:02.276+03:00,@Davos_the_greek yeah its blurrier than it's meant to be,0.0,0.0
2020-10-08T03:53:01.807+03:00,@davotek http://twitpic.com/6osab - Wish I'd had the dosh to go down,0.0,1.0
2020-10-08T02:24:02.037+03:00,@davoz28 you lose,0.0,0.0
2020-10-08T03:55:02.111+03:00,@davsot Awesome!  Enjoy the awesomeness of Sennheisers!,1.0,1.0
2020-10-08T03:57:01.638+03:00,@davtoole can't bring myself to watch a film about Sheffield United.,1.0,1.0
2020-10-08T03:59:02.090+03:00,@DavWhite I do what I can! That is the thing w/men &amp; women. They don't read each other very well sometimes. The boys &amp; I will manage!,1.0,1.0
2020-10-08T04:00:01.796+03:00,@DavWhite Lol that one came through blank!,0.0,0.0
2020-10-08T04:01:02.196+03:00,@davybbz me too! minus the BBQ sadly,0.0,0.0
2020-10-08T04:02:02.114+03:00,@davygreenberg i wanna go,0.0,1.0
2020-10-08T04:03:01.915+03:00,@davyknowles give my sister n rellys a big hug from me will ya? i miss them! thanks fella  and enjoy yerself!,1.0,1.0
2020-10-08T02:26:01.776+03:00,@davymac  thanks for the follow,1.0,1.0
2020-10-08T02:28:01.874+03:00,@davymac thanks dude! Appreciate the support,1.0,1.0
2020-10-08T02:29:01.833+03:00,@davynathan excited 2 c u perform know ur gonna rock it,0.0,1.0
2020-10-08T02:30:02.274+03:00,@davynathan Hey Davy!  Gonna have to watch the archive of the live thing u just did. Work computer won't let me see it live..,0.0,0.0
2020-10-08T02:31:02.185+03:00,@davynathan Hi Davy... I'm Mai. Nice to tweet u.  If you don't sleep (like many of us) we have lots of late night tweeters.,1.0,1.0
2020-10-08T04:05:01.736+03:00,@DavyNathan I'm pulling for you! you can do it!! Good luck tonight!!,0.0,1.0
2020-10-08T04:06:01.725+03:00,@davynathan it was so sweet of you to come out &amp; say hi again!  All the best for tomorrow - I know you're going to do great! *hugs*,1.0,1.0
2020-10-08T04:07:02.191+03:00,@davynathan it's all good Davy. We got people live tweeting spoilers from shows. You didn't give anything away.,0.0,0.0
2020-10-08T06:56:02.278+03:00,@davynathan live it up papi at the pachanga!  cute default too btw ;-) chulo! [[â™¥]],1.0,1.0
2020-10-08T04:08:01.763+03:00,@davynathan Lol!!!! Ur too funny Mr Hottie Way  - Ethan probably went back to sleep.,0.0,1.0
2020-10-08T04:09:02.182+03:00,@davynathan Love that song!,1.0,1.0
2020-10-08T06:57:01.859+03:00,@davynathan NICE THANK YOU DAVY!,1.0,1.0
2020-10-08T06:58:01.736+03:00,@davynathan of course we r!! BHs r nothing if not loyal!! Good knight!,1.0,1.0
2020-10-08T07:00:01.696+03:00,@davynathan that looks so cool...   Good luck learning the show!,1.0,1.0
2020-10-08T07:01:01.876+03:00,@davynathan The baby daddy bus!!!!!!!,0.0,1.0
2020-10-08T07:02:02.165+03:00,@davynathan thx for the pic!,1.0,1.0
2020-10-08T04:11:01.770+03:00,@davynathan Toooooo hot in there?,0.0,1.0
2020-10-08T04:12:02.068+03:00,@davynathan welcome to the madness  how the show goin,1.0,1.0
2020-10-08T07:03:02.112+03:00,@daw1216: god it would taste so good when it got here... mmmmmmm. I think the closest in-n-out to me is like St. George,0.0,1.0
2020-10-08T04:13:01.308+03:00,@daw69 @loribartolozzi @sarah_janes @deenahagen I had a M&amp;G dream last night!!!  I was late for the M&amp;G and almost didn't make it....,0.0,1.0
2020-10-08T04:14:01.694+03:00,@daw69 @loribartolozzi guys just left the port...donnie makes my heart flutter! Ugh! It's over now,0.0,1.0
2020-10-08T07:05:02.285+03:00,@daw69 yep....no way he would let me go alone...he said I could get dub kiss though,0.0,0.0
2020-10-08T04:17:01.273+03:00,@dawanda_en  have you checked Etsy?  I'm ready to list more owl bags today like the cute ones in my sold section - juliemeyer.etsy.com,1.0,1.0
2020-10-08T04:18:01.833+03:00,@dawaynetrimale no problem  have a great day!,0.0,1.0
2020-10-08T07:09:01.698+03:00,@dawe_@vsbmeza @Geldriia @planetdamage  Today is not good for me...,0.0,0.0
2020-10-08T07:10:02.065+03:00,@Dawg68  Congratulations on the Graduation over there. I know it  is a proud moment,0.0,1.0
2020-10-08T04:19:01.472+03:00,@DawgCPA Oh. My. God. That's ridiculously inexcusable. We're done. So sad for Mass &amp; my fave Cerione,0.0,1.0
2020-10-08T07:11:02.058+03:00,@DawgfanTC pretty crazy isn't it!  Kind of scary too. So did Mojo save the day?!?  I think Cali would just leave me to be,0.0,0.0
2020-10-08T07:12:02.089+03:00,@DawgOnU Good morning drunk a*s   How are you?  Did you have a good evening?,1.0,1.0
2020-10-08T04:20:01.700+03:00,@DawgterFeelgood Have fun...and shoot low!,0.0,1.0
2020-10-08T07:13:02.162+03:00,@DawgWonder my bad.,0.0,0.0
2020-10-08T07:14:01.661+03:00,@dawizonline  thanks for following me,1.0,1.0
2020-10-08T07:16:02.153+03:00,@dawizonline blimey you celebrate that? hmmmm lol,0.0,0.0
2020-10-08T04:21:01.818+03:00,@dawizonline got ya - that wouldn't be so bad tho right?,0.0,1.0
2020-10-08T07:17:01.377+03:00,@dawizonline LOL yeah..got me there I guess. I just need a crown  lol,0.0,1.0
2020-10-08T04:24:01.823+03:00,@dawizonline well then sweet dreams,1.0,1.0
2020-10-08T07:18:01.829+03:00,@dawizonline you're welcome!,1.0,1.0
2020-10-08T07:19:01.864+03:00,@dawllyllama alarm went off at 7:50. I kept hitting snooze til 9:10. Yup. We're awesome,0.0,1.0
2020-10-08T07:20:02.117+03:00,@dawllyllama Sorry for the trauma - to u AND ur car  maybe coyote thought he was a super genius. But duh roadrunner always has last laugh.,0.0,0.0
2020-10-08T04:25:02.174+03:00,@Dawn That's my b-day! But I won't be anywhere near St. Paul,0.0,1.0
2020-10-08T04:26:02.159+03:00,@dawn_16 gah i would come hang if i didnt already promise someone else. sorry,0.0,0.0
2020-10-08T04:27:01.837+03:00,@dawn_16 how was today? what did i miss? did u miss me??,0.0,1.0
2020-10-08T05:09:01.736+03:00,@Dawn_B Steven is off seeing Itamar tonight at Fidlers elbow in Chalk farm. Fab singer. Am stuck at home cos I am lecturing tomorrow,0.0,1.0
2020-10-08T07:23:11.175+03:00,@dawn_dewar it was a stupidly slow day  but home now ... Ahhhh let the chilling commence.,0.0,1.0
2020-10-08T07:24:04.942+03:00,@dawn_dewar logie is popping up after his work. I had mum till about 2. Not in a room so no tv,0.0,0.0
2020-10-08T07:25:04.942+03:00,@Dawn_Reed he left the set before I got there  we have another week to get him,0.0,0.0
2020-10-08T07:26:04.887+03:00,@dawn_spitfire me too,1.0,1.0
2020-10-08T07:27:04.886+03:00,@Dawn_W Lots of happy people on that one,1.0,1.0
2020-10-08T07:28:04.694+03:00,@Dawn_x You've arrived then?,0.0,1.0
2020-10-08T05:12:01.726+03:00,@Dawn1976 Hi Dawn and good morning. Yep just about the perfect Sunday weather here to help along with the day. You got much doing?,1.0,1.0
2020-10-08T05:13:02.195+03:00,@Dawn1976 Thank you  x,1.0,1.0
2020-10-08T05:14:02.137+03:00,@dawnab33 @tsukino_aiko it was tasty ...but I should have stayed away from the fries and bun   I have no willpower,0.0,0.0
2020-10-08T07:30:04.720+03:00,@DawnAturService thx for the tips on social networking!,1.0,1.0
2020-10-08T07:32:04.745+03:00,@DawnBalagot r we going? Or are we going? I'm dressed meet u at smx?,0.0,1.0
2020-10-08T05:15:01.742+03:00,@DawnBalagot yup! yehey! see you!!,0.0,1.0
2020-10-08T07:33:04.663+03:00,@dawnbugni Congrats!!  I'm excited about my first month,0.0,1.0
2020-10-08T05:17:02.210+03:00,@dawnbugni They are very smart Dawn and have big personalities despite their diminutive stature.,1.0,1.0
2020-10-08T07:34:04.665+03:00,@dawncoffee yea thats the only way i can eat cucumber is sliced up w/ rice vinegar &amp; seasoning,0.0,1.0
2020-10-08T08:46:04.611+03:00,@DawnCoxwell GOOD luck!! Ran mine at Battersea Park last month  X,0.0,1.0
2020-10-08T08:47:04.543+03:00,@DawnCoxwell still iphone problems then? Ouch...   hopefully u can sort soon!! X,0.0,1.0
2020-10-08T08:48:04.676+03:00,@dawnd66 I had none!!! I'm surrounded by sick people at work *slaps them all* I've been religiously taking vitamins &amp; eating well,0.0,0.0
2020-10-08T08:49:04.512+03:00,@DawnDai yeah..I just asked Brown where you were? he said you were just up here,0.0,1.0
2020-10-08T05:19:02.240+03:00,@dawndela gee that makes me feel great  Eveyone else is allowed to bimbo but me??? HOW RUDE!!!!,0.0,0.0
2020-10-08T08:50:04.631+03:00,@dawndevirgilio but which grade?,0.0,1.0
2020-10-08T08:51:04.535+03:00,@dawnfields nice to see you pretty  ( hopefully husband is not arround)  )  and good night!!!,0.0,1.0
2020-10-08T05:21:02.103+03:00,@dawngeary ouch!,0.0,0.0
2020-10-08T08:52:04.606+03:00,@dawnhallybone  Run rate spreadsheet would mak nice modelling exercise for KS3 - much more fun than school discos!!   #cricket,0.0,1.0
2020-10-08T05:22:02.107+03:00,@dawnhallybone  will that do?,1.0,1.0
2020-10-08T08:54:04.578+03:00,@dawnhallybone @PhilGreaney  We could just get all the others out!,0.0,1.0
2020-10-08T05:23:01.656+03:00,@dawnhallybone exciting ( not)   Enjoy!!,1.0,1.0
2020-10-08T08:55:04.523+03:00,@Dawnie22 I hate when that happens.,0.0,0.0
2020-10-08T08:57:04.507+03:00,@dawniecahill aw lovely! we have it...cold atm  but what can you do haha? Not really. School mostly. Well. Trying to avoid school ;),0.0,0.0
2020-10-08T08:58:04.590+03:00,@dawniecahill but it went in my eye  like half of the pot ended up over my face grrrrrr.,0.0,0.0
2020-10-08T08:59:04.502+03:00,@dawningmama sounds perfect.  except you being 1 million miles away.,0.0,0.0
2020-10-08T05:26:02.337+03:00,@dawnipoo I stole your last 3 pounds,0.0,0.0
2020-10-08T05:27:01.346+03:00,@dawnis That seems to be the story with a lot of people today  Sucks.,0.0,0.0
2020-10-08T09:00:04.585+03:00,@dawnlangstroth agreed- one without the other doesn't work- on CityTV now is an ep. Underbelly with Stabler and Dani...,0.0,1.0
2020-10-08T05:31:01.770+03:00,@dawnliew Sorry. Just couldn't contain my excitement. I think I wet my pants a bit,0.0,0.0
2020-10-08T09:02:04.730+03:00,@dawnmaloney It ends on May 16th so there is still pleanty of time left for you to get there. Come on down!,0.0,1.0
2020-10-08T05:32:01.403+03:00,@dawnmaloney wow! There is a limit?,0.0,1.0
2020-10-08T09:03:04.535+03:00,@DawnMarieDunn and I am sorry I can't make it to your birthday. The end of the year is wrapping up. I just can't physically do it,0.0,0.0
2020-10-08T09:04:04.867+03:00,@DawnMarieH @ElizabethSigns @88Links Thanks for the Follow Friday!    http://www.startapreschool.com,1.0,1.0
2020-10-08T05:33:01.799+03:00,@DawnMarieH Excellent!  You got a name for him yet? Don't forget to twitpic him.,1.0,1.0
2020-10-08T09:05:04.550+03:00,@DawnMarieH You'll never guess where I found it?...A second hand store!...Sorry but he's not for sale!,0.0,1.0
2020-10-08T09:07:04.516+03:00,@DawnMarieLS Thanks! Good Night to you,1.0,1.0
2020-10-08T05:34:02.165+03:00,@DawnMariesDream ROCKS!  She gave me the money today for a new Xbox 360 as an early Father's Day gift   MotoGP 08 Baby on Xbox Live!,0.0,1.0
2020-10-08T05:36:01.842+03:00,@dawnmcwilliams  they go to you and @Nayvan  why cant they come to me? I mean afterall im the special one too  lol,0.0,0.0
2020-10-08T09:09:04.504+03:00,@dawnmcwilliams cant believe Germany drew with China  whats going on  i think they need new coach,0.0,0.0
2020-10-08T09:10:04.527+03:00,@dawnmcwilliams i wish but the problem is its more than 1.5hr drve frm my place   takes lots of pix 4 me specially with ballack &amp; Essien;),0.0,0.0
2020-10-08T09:11:04.492+03:00,@dawnmcwilliams not really Roman can take care of the $$$,0.0,1.0
2020-10-08T09:12:04.503+03:00,@dawnmcwilliams sorrrry been very busy today couldnt come on at all,0.0,1.0
2020-10-08T09:13:04.559+03:00,@dawnmcwilliams still didnt get the link,0.0,0.0
2020-10-08T05:41:01.871+03:00,@DawnOfMinstrel I miss the apple and cinnamon ice cream from Ben&amp;Jerry's.,1.0,1.0
2020-10-08T09:16:04.494+03:00,@dawnoftheprawn holy shit what I want your ice cream truck,1.0,1.0
2020-10-08T05:42:01.841+03:00,@dawnolinek_sass They are so tasty. I wish! I keep seeing Jayden sneak into the kitchen,1.0,1.0
2020-10-08T06:23:01.770+03:00,@dawnomite we will have a third.  Friday I really considered adopting a 6 mo old grl and 15 mo boy. 4 ages 2 and under now that is nuts!,0.0,0.0
2020-10-08T09:18:04.608+03:00,@dawnomite you are too cool for school.,0.0,1.0
2020-10-08T06:25:02.723+03:00,@DawnRichard  aww I said hey and I feel neglected...,0.0,0.0
2020-10-08T06:26:01.798+03:00,@DawnRichard  Dawn I Love you follow me,1.0,1.0
2020-10-08T06:27:02.184+03:00,@DawnRichard  follow me homie its ya girl nicolette llcoolj new artist &amp; check the music just put some new stuff up www.myspace.com/whoda1,1.0,1.0
2020-10-08T06:28:01.747+03:00,@DawnRichard  Im feeling neglected. DeAngelo talks to me but u act like u dont know who i am at all! lol,0.0,0.0
2020-10-08T06:31:01.800+03:00,@dawnrichard :faints: ahhh i love her stories too dawny phewwwww  11DAYS,1.0,1.0
2020-10-08T06:30:02.289+03:00,@DawnRichard .....Mine was henny and coke  Never no more again.....stickin with the white,0.0,0.0
2020-10-08T06:29:01.696+03:00,@DawnRichard &quot;I wanna go back in time and....&quot; relive 4.13.9 again!,1.0,0.0
2020-10-08T06:32:02.083+03:00,@DawnRichard and im sending love your way hehe,0.0,1.0
2020-10-08T06:33:02.112+03:00,@DawnRichard And there's no other way to wake up better then to his voice..*blushes*    this is a happy day baby puppy's !,0.0,1.0
2020-10-08T06:34:02.306+03:00,@DawnRichard at least your luggage came. I came back from Paris and the airlines lost all my luggage...,0.0,0.0
2020-10-08T06:36:01.985+03:00,@DawnRichard Awww did I miss it,0.0,1.0
2020-10-08T06:37:01.626+03:00,@DawnRichard ayee. i know you'll rep NO till the day you die. i know you miss it,0.0,0.0
2020-10-08T06:38:01.802+03:00,@DawnRichard cleve fans didn't do those commercials it was Nike who created the false hope for us.  Long live the King (James),1.0,1.0
2020-10-08T06:39:02.186+03:00,@DawnRichard Dawn you know we love you!! You're the reason I even made a twitter,0.0,1.0
2020-10-08T06:40:01.165+03:00,@DawnRichard Dawniie I feel dha same way mamaz.........got dat &quot;nigga-itis&quot; readie 2to call it ah nite.lol.Luv yu gurlie,0.0,1.0
2020-10-08T06:43:01.640+03:00,@DawnRichard follow me!  i am you number one fan. and you are my biggest inspiration for striving to acheive what i want to do in life,1.0,1.0
2020-10-08T06:44:01.411+03:00,@Dawnrichard Follow me. Follow me. Follow me. .........Please?,1.0,1.0
2020-10-08T06:46:02.339+03:00,@DawnRichard Going 2 b &quot;hell no&quot; weather 4 2 more days,0.0,1.0
2020-10-08T06:48:01.715+03:00,@dawnrichard great party mama.. we must do it again sometime... but its 4:15a.m. a girl gotta get some sleep.. lovee youu dawniiee!!!!,0.0,1.0
2020-10-08T06:49:01.767+03:00,@DawnRichard Hey Dawn...Whats your fav song of DAY26 new album?  I'm loving &quot;Perfectly Blind&quot;,1.0,1.0
2020-10-08T06:50:02.124+03:00,@dawnrichard http://twitpic.com/6ull1 - AWW CUTE PIC PT SWAG ON 10000000000!  STAY POSITIVE!,1.0,1.0
2020-10-08T06:51:02.267+03:00,@DawnRichard i love the song...keep up the gud wrk,1.0,1.0
2020-10-08T06:52:01.339+03:00,@DawnRichard I Loved u before u made the band and I will continue to Love You NO MATTER WHAT! (no homo),0.0,1.0
2020-10-08T06:53:02.297+03:00,@DawnRichard I wanna go back in time and..... tell my only grandma I got to know how much I love her and give her a final goodbye.,0.0,1.0
2020-10-08T06:55:02.243+03:00,@DawnRichard I'm so getting that book  *passes the razzles*,0.0,0.0
2020-10-08T06:54:01.383+03:00,@DawnRichard ii feel you!!!! I would love to be partying right about now. Smh,0.0,1.0
2020-10-08T07:35:04.648+03:00,@DawnRichard Just felt like I should send you some love Dawny  Love you,1.0,1.0
2020-10-08T07:36:04.537+03:00,@DawnRichard Let's go!,0.0,1.0
2020-10-08T07:37:04.754+03:00,@DawnRichard LOL I Love Church....Sang a Song For Me,1.0,1.0
2020-10-08T07:38:04.556+03:00,@DawnRichard love this song,1.0,1.0
2020-10-08T07:39:04.703+03:00,@DawnRichard ME &amp; MY BELLY!!! LOL~ XOXO,1.0,1.0
2020-10-08T07:40:04.709+03:00,@DawnRichard Mornin Dawniie;I hope yur night in dha studio was a productive one.I luv yu nd look ^ 2 yu a lot.Keep ^ dha good werk,1.0,1.0
2020-10-08T07:41:04.625+03:00,@dawnrichard my question is can you follow me!!!!!!!,1.0,1.0
2020-10-08T07:43:04.607+03:00,@DawnRichard my rain is when something bad happens to anyone in my nuclear or immediate family. I get real depressed,0.0,0.0
2020-10-08T07:45:04.690+03:00,@DawnRichard OMG!! I done died and went 2 heaven...thanks so much 4 the response...I'm cryin' right now...Luv ya!!,0.0,1.0
2020-10-08T07:46:04.639+03:00,@DawnRichard sounds like your about to have a grown and sexy night,1.0,1.0
2020-10-08T07:47:04.673+03:00,@DawnRichard studying!! and no dawn!! youre the shit!!  lol,0.0,0.0
2020-10-08T07:48:04.599+03:00,@DawnRichard the Radio and My Phone Hung up before I to Got to Finish TalkIN To You...,0.0,0.0
2020-10-08T07:49:04.726+03:00,@DawnRichard ur sooo dope for goin live with us...  we love you!,1.0,1.0
2020-10-08T07:50:04.759+03:00,@DawnRichard ur tha shizznit too dawn!!!  LOL,1.0,1.0
2020-10-08T07:51:04.680+03:00,@DawnRichard we know u luv us  we love u too.... but u need to come back home!!!,1.0,0.0
2020-10-08T07:52:04.714+03:00,@DawnRichard what about your UK fans,1.0,1.0
2020-10-08T07:53:04.663+03:00,@DawnRichard you have given so much.. its time for you to get love in return on a 24/7 basis. Its a sure thing,0.0,1.0
2020-10-08T07:54:04.865+03:00,@DawnRichard You lucky we some good MOTHAFUCKAS dawn,1.0,1.0
2020-10-08T07:55:04.628+03:00,@DawnRichard your dog is adorable and the house is beautiful!. hows ur positive day going? mines much better now that im off work,0.0,1.0
2020-10-08T07:56:04.618+03:00,@DawnRichard your words always inspire me your such a good role model &amp;&amp; I Love You for always staying Positive,1.0,1.0
2020-10-08T07:57:04.695+03:00,@dawnrules oh well thats not very clever. come on msn please,1.0,0.0
2020-10-08T07:58:04.552+03:00,@DawnSandomeno Congrats on your Twitter Mom of the Week!!!!,1.0,1.0
2020-10-08T07:59:04.591+03:00,@dawnstaley you wanna bet? are you the tapper you've been tlkn about? pls say it aint so....,0.0,0.0
2020-10-08T08:02:04.547+03:00,@dawnwanderer kalo mau microblogging yang banyak anak SITH nya di www.plurk.com fer,1.0,1.0
2020-10-08T08:03:04.612+03:00,@dawnwebb Fuck yeah! I'll be at Blu! Text me after,1.0,1.0
2020-10-08T08:04:04.680+03:00,@DawnYang1 i'm so sorry to hear that. my grandad is also suffering from cancer. its sad to have a loved one suffer.,0.0,1.0
2020-10-08T08:05:04.678+03:00,@DawnYang1 pretty soon you will miss father's nagging!!,0.0,1.0
2020-10-08T08:06:04.528+03:00,@DawnYang1 why don't you change the address?,0.0,1.0
2020-10-08T08:07:04.598+03:00,@dawnyang1 you remind me of the actress in the movie 200 pounds beauty. Have you ever watched it?,0.0,1.0
2020-10-08T08:08:04.612+03:00,@dawnykhao  Aww i totally miss him  i miss you too,0.0,1.0
2020-10-08T08:09:04.523+03:00,@dawubbies I want some shrimp and grits,1.0,1.0
2020-10-08T08:10:04.642+03:00,@daxamike damn that sucks...i'm still gonna see it...but gonna see brothers bloom first...need a wes andersonesque fix,0.0,0.0
2020-10-08T08:11:04.685+03:00,@daxazo Daph really used the word &quot;idiom&quot;?,1.0,1.0
2020-10-08T09:20:04.492+03:00,@daxholt - there's not an option to message u.   so dm your email addy. i have up-coming stories for you and Max.  Hugs.  jocelyn,0.0,1.0
2020-10-08T09:22:04.544+03:00,@daxigrey I had a good day thanks. How about you? It's a shame you can't come tomorrow   You're visiting a uni aren't you?,1.0,1.0
2020-10-08T09:23:04.531+03:00,@DaxOCallaghan NOOOOOOOO  REALLY?  ((((((...   poor dax!,0.0,0.0
2020-10-08T09:24:04.868+03:00,@daxOcallaghan thanks for following  hope everything is ok,1.0,1.0
2020-10-08T09:25:04.484+03:00,@DaxOCallaghan thats bad.,0.0,0.0
2020-10-08T09:26:04.577+03:00,@daxterboy88 yes it will!  i'm excited,0.0,1.0
2020-10-08T09:27:04.832+03:00,@daxyorke yeah i got tics,0.0,0.0
2020-10-08T09:28:04.576+03:00,@DaXzOr This videoclip is not available in your country failness,0.0,1.0
2020-10-08T09:29:04.790+03:00,@day_b  Don't blame you.  Never been but hear it's beautiful - have a great time!,1.0,1.0
2020-10-08T09:31:04.694+03:00,@day_b Yes it's been a cracking weekend.... hope it continues.... although Monday and work tomorrow,1.0,1.0
2020-10-08T09:32:04.949+03:00,@Day_Dreamer30 lol...Shame shame... You gotta stop talking so dirty,0.0,0.0
2020-10-08T09:33:04.808+03:00,@DAY26addict awww how come???,0.0,1.0
2020-10-08T09:34:04.549+03:00,@DAY26addict It's ok..,0.0,1.0
2020-10-08T09:35:05.082+03:00,@DAY26addict Lmao,0.0,1.0
2020-10-08T09:37:04.906+03:00,@Day26OnStTeam I KNOW I'M LATE BUT I'M A ROBBIE LOVER  HIS SWAGG IS SICK LOVE IT,0.0,1.0
2020-10-08T09:38:04.590+03:00,@Day2DayPA  not daggy at all... im joining you,0.0,0.0
2020-10-08T09:39:04.854+03:00,@dayannn I wanna pinch his cheeks  bwahhh,1.0,1.0
2020-10-08T09:40:04.484+03:00,@dayannn yeah but I get home at 10,0.0,1.0
2020-10-08T09:43:04.835+03:00,@Dayat_Cookie ohmahn..don't feel like that  its that tuition center that should have stupidity all over their faces(the bosses especially),1.0,1.0
2020-10-08T09:44:05.205+03:00,@daybreak1012    Most definitely. Guess ridiculously high salaries don't win games!,0.0,1.0
2020-10-08T09:46:04.584+03:00,@daybreak1012 LOL! I'm only alive + well right now b/c it was a BABY!,0.0,1.0
2020-10-08T09:47:05.391+03:00,@daybreak1012 so I guess I can't complain about cloudy and rainy here even if is rather have sunshine!?!?!?,0.0,0.0
2020-10-08T09:48:04.480+03:00,@daybrett hopefully my eye doesn't get that bad,0.0,0.0
2020-10-08T09:49:04.513+03:00,@daydayluvya08 either cuz he acted like he was flirtin and everything all the time so i honestly dont know haha im sorry im bad at this,0.0,0.0
2020-10-08T09:50:04.551+03:00,@daydee tell it you forgot your password &amp; it will give you a new one. it's the only way I can prevent tons of spam,0.0,1.0
2020-10-08T09:51:04.478+03:00,@DayDiaz &quot;Malcum Mecel musn't meet Macy Misa&quot; lmao! and &quot;I love it!&quot; haha i love the JB so much.aww when Macy cried it was soo sad!,1.0,1.0
2020-10-08T09:52:04.632+03:00,@DayDiaz heeeeeeeeeeeey!!  hows it going!!,0.0,1.0
2020-10-08T09:53:04.634+03:00,@DayDiaz ok!  let me try....,0.0,1.0
2020-10-08T09:54:04.548+03:00,@Daydream09 Aww I don't think that I'm gonna be around you knw,0.0,0.0
2020-10-08T09:55:04.624+03:00,@daydreambelievr aw I know seriously  that was amazing to hear it.. But also really sad,0.0,1.0
2020-10-08T09:56:04.595+03:00,@daydreamcomplex thanks for #followfriday,1.0,1.0
2020-10-08T09:57:04.508+03:00,@Daydreamer1984 He explains the tailer better,1.0,1.0
2020-10-08T10:35:04.527+03:00,@daydreamer87 haha lol u must be ashamed of being French &amp; I hate 2 say it but I told ya so lol,0.0,1.0
2020-10-08T10:36:04.521+03:00,@daydreamerping Ni Apo Sheng?  I miss you guys. Pizza - and the *optional* beer - soon?,1.0,1.0
2020-10-08T10:37:04.511+03:00,@daydreamerping You guys drinking?  And you're on Twitter?,1.0,1.0
2020-10-08T10:40:05.027+03:00,@daydreamlily Outlook not so good,1.0,0.0
2020-10-08T10:42:04.504+03:00,@dayeee Sounds good.,1.0,1.0
2020-10-08T10:43:04.513+03:00,@Dayewalker Ahh I see!! Cant think of anywhere else then.....sorry,0.0,0.0
2020-10-08T10:44:04.625+03:00,@Dayewalker Aww thanks  Well have a nice sleep...at least you have no work today ),1.0,1.0
2020-10-08T10:45:04.921+03:00,@Dayewalker Hello you! Have you woken up in a positive mood??,1.0,1.0
2020-10-08T10:46:04.945+03:00,@Dayewalker I hope they don't shut down Shreveport's plant.,1.0,1.0
2020-10-08T10:47:04.545+03:00,@Dayewalker Oh well if it was a crap game....the prize was bound to be,0.0,0.0
2020-10-08T10:48:04.814+03:00,@Dayewalker Well I'm sorry to say..Karly has a Scottish Footballer boyfriend  Sophie's a glamour model...boobs out the lot!,0.0,1.0
2020-10-08T10:49:04.506+03:00,@daygan Must be excited  When was the last time you were home?,0.0,1.0
2020-10-08T10:50:04.833+03:00,@daygosrbdiva if you like 2 laugh..have a good time..follow me..its just that simple,1.0,1.0
2020-10-08T10:51:04.503+03:00,@DayLahs I doubt I can beat more than 2 songs on Expert.,0.0,0.0
2020-10-08T10:52:05.320+03:00,@DayLateFriend87 lol it would be really cool if they did though,0.0,1.0
2020-10-08T10:53:04.945+03:00,@DayleRobyn You must let us know what the magazine's are called so we can check out your work,1.0,1.0
2020-10-08T10:54:04.517+03:00,@dayleybird Dang straight..,0.0,0.0
2020-10-08T10:55:04.944+03:00,@daymarie oh cute. You didn't text me back ninja.,0.0,1.0
2020-10-08T10:56:04.553+03:00,@daymented I could see some interesting twitter updates if that happened!,1.0,1.0
2020-10-08T10:59:04.924+03:00,@DaynaDelux -you have a natural ability to regenerate and also retain form..... scar ~maybe... eat plenty of elastin. you'll both be fine,1.0,1.0
2020-10-08T11:00:04.874+03:00,@daynaflowers,1.0,1.0
2020-10-08T11:01:04.890+03:00,@daynah I thought the G2 was released only in Europe (UK etc) unless it is out in the US already. Lucky!,0.0,1.0
2020-10-08T11:02:04.861+03:00,@daynah it doesn't work with the iPhone yet   I love it for the simplicity but I need to be able to sort tasks on my iPhone to be useful,0.0,0.0
2020-10-08T11:04:04.852+03:00,@daynah Wish i could be there!  I am not getting into SF until next weekend,0.0,0.0
2020-10-08T11:05:04.623+03:00,@daynah You missed dev camp.  Matt showed us the secret wordpress easter egg. It's pretty funny. See you again at WordCamp LA.,1.0,1.0
2020-10-08T11:06:04.960+03:00,@daynahaines Noooo!   how do you know?!,0.0,0.0
2020-10-08T11:07:04.537+03:00,@dayne517 Hey! When do u start?,1.0,1.0
2020-10-08T11:08:04.519+03:00,@DayNese u nt followin me tho,0.0,0.0
2020-10-08T11:09:04.477+03:00,@DayNeverComes I love your background!,1.0,1.0
2020-10-08T11:10:05.020+03:00,@Dayngr Up in fifth place - my boy Jeff Gordon back in 30th about to go 2 laps down,0.0,1.0
2020-10-08T11:48:04.983+03:00,@dayoldhate08 who we talking about? i don't ever know anything,0.0,1.0
2020-10-08T11:49:04.558+03:00,@dayrix me too! but i wanna to study all the weekend,1.0,1.0
2020-10-08T11:51:04.879+03:00,@daysdifference dont eat anymore of my damn sugar cookies!!!,0.0,0.0
2020-10-08T11:54:04.401+03:00,@Daysm00th,1.0,1.0
2020-10-08T11:55:05.612+03:00,@daysunfold wait... you &quot;saw&quot; anderson cooper or you saw anderson cooper? cuz either way he makes my day.,0.0,1.0
2020-10-08T11:56:06.031+03:00,@Dayteed I know I know,0.0,0.0
2020-10-08T11:57:04.627+03:00,@daytonafastback thanks!!  super sweet,1.0,1.0
2020-10-08T11:58:04.414+03:00,@DaytonWest82 How are you,1.0,1.0
2020-10-08T11:59:04.509+03:00,@DAYUMMM_JRoD maybe it is.,0.0,1.0
2020-10-08T12:00:04.476+03:00,@dayumshefiine tellll me about it,0.0,1.0
2020-10-08T12:01:04.536+03:00,@Dayumshezsbad denver i think going to win,0.0,1.0
2020-10-08T12:02:04.471+03:00,@dayv79 haha I just playing,1.0,1.0
2020-10-08T12:04:04.977+03:00,@dayziebaby aww  how u been lovely?,1.0,1.0
2020-10-08T12:06:04.687+03:00,@DAZ081068 nah. My mum ( @ericafluffy ) instilled a catholic guilt complex in me as a child. I feel so guilty about having any time off,0.0,1.0
2020-10-08T12:07:04.951+03:00,@DAZ081068 Nice. Im stuck on hold atm so can tweet freely. i spend 90% of my time on the phone,0.0,0.0
2020-10-08T12:09:05.047+03:00,@daz77 Whiter Shade of Pale of course,1.0,1.0
2020-10-08T12:10:04.607+03:00,@dazb you suck I want to see it  p.s. hi!,1.0,1.0
2020-10-08T12:11:04.743+03:00,@Dazedandlost Tried to but it wouldn't work,0.0,0.0
2020-10-08T12:12:04.598+03:00,@dazes yeah me neither,0.0,0.0
2020-10-08T12:13:04.618+03:00,@Dazeyy it doesnt post. it wont work.  it makes me sad.,0.0,0.0
2020-10-08T12:15:04.580+03:00,@dazifudo Hey are you going to the Salt Lick tonight? I need a ride. Had to take a muscle relaxer,0.0,1.0
2020-10-08T12:16:04.660+03:00,@DazMSmith hee hee! Nice to appreciate it!,1.0,1.0
2020-10-08T12:17:05.149+03:00,@dazreil me too... on a lame public connection though so ~30mins to wait,0.0,0.0
2020-10-08T12:18:04.986+03:00,@dazuleh i want a job at coles,1.0,1.0
2020-10-08T12:19:04.679+03:00,@DazWorrall I'd love to give it a go - will probably work.   Many thanks.,1.0,1.0
2020-10-08T12:20:05.380+03:00,@DazWorrall yes I will be at EuroPython. I can't possibly be in a rush for the *whole* event.  See you there (and thanks!).,0.0,1.0
2020-10-08T12:21:05.822+03:00,@DazzaPazza KEEN TOO! I have it,0.0,1.0
2020-10-08T12:22:04.866+03:00,@dazzledbyrpattz we looked at mtv and the hills is on right now,0.0,1.0
2020-10-08T12:23:04.636+03:00,@dazzledfool yay,1.0,1.0
2020-10-08T12:25:04.938+03:00,@dazzleme18 Are you leaving?  Everyone's leaving meeeee. Not tired yet... lol,0.0,0.0
2020-10-08T12:26:04.951+03:00,@dazzleme18 Awww I'm sorry you're having such a bad day! Hope it gets better! *Hug*,0.0,1.0
2020-10-08T12:28:04.642+03:00,@dazzleme18 when did he say he wanted hair like conan?,0.0,0.0
2020-10-08T12:29:04.547+03:00,@dazzleme18 yup. You def do deserve it. Congrats on the award!,1.0,1.0
2020-10-08T12:30:04.561+03:00,@dazzleme911 heyyy ) I just saw your tweet... so I figured to tweet you back,0.0,1.0
2020-10-08T12:31:04.464+03:00,@DazzleMeThis,1.0,1.0
2020-10-08T12:33:04.723+03:00,@dazzlemethis  I'm sorry,0.0,0.0
2020-10-08T12:34:04.460+03:00,@DazzleMeThis Aww suckage that people have stopped following ya  How are you anyways? :-D,1.0,1.0
2020-10-08T12:35:04.509+03:00,@DazzleMeThis aww thats awesome!  are the boys nice?,1.0,1.0
2020-10-08T12:37:05.104+03:00,@DazzleMeThis cause I has a cold now  Ive been sneezing all day &gt;_&lt;,0.0,0.0
2020-10-08T03:14:01.753+03:00,"\@breakyboy If you're firing out of both ends it could be ecoli""",0.0,1.0
2020-10-08T03:15:02.183+03:00,"\@BReal_2 : MAN any event that is hosted by Remy is the Shit!  I can not believe i forgot about tonight damn vice bass""",0.0,0.0
2020-10-08T03:17:01.350+03:00,"\@breanaphillips  lol wait""",0.0,1.0
2020-10-08T03:20:01.918+03:00,"\@BreannaGaddie If you try the Iphone version of Tweetdeck is just addictive...CanÂ´t install it on my office PC""",0.0,0.0
2020-10-08T03:27:02.240+03:00,"\@breasbabyboutiq Good to have you on board""",1.0,1.0
2020-10-08T03:31:02.200+03:00,"\@breatheheavycom cheer up""",1.0,1.0
2020-10-08T03:46:02.106+03:00,"\@brebanana93 Hahaha I read it back""",1.0,1.0
2020-10-08T03:48:01.511+03:00,"\@breburn Oh don't you worry""",0.0,1.0
2020-10-08T04:40:01.899+03:00,"\@breeabby sniff""",0.0,1.0
2020-10-08T04:41:01.758+03:00,"\@breeanaweaver I'M NOT AT A KOA! I'm using my moms wireless card""",0.0,1.0
2020-10-08T04:57:02.148+03:00,"\@BreeOlson9 aww bree""",0.0,1.0
2020-10-08T05:04:01.764+03:00,"\@breesays i know the song is called 'over it'. forgot who its by""",0.0,1.0
2020-10-08T05:05:02.449+03:00,"\@breesta82 can't remeber how I uploaded my pic""",1.0,1.0
2020-10-08T05:06:02.128+03:00,"\@Breesterz ooooo""",1.0,1.0
2020-10-08T05:49:01.793+03:00,"\@breeze80 Sure thing!!  If I ever hit the lottery""",0.0,1.0
2020-10-08T05:50:02.118+03:00,"\@Breezy_Bree nothin much""",0.0,0.0
2020-10-08T05:58:01.457+03:00,"\@breezyefbaby t-mobile is always taking a shit on you""",0.0,0.0
2020-10-08T06:05:02.085+03:00,"\@breimels  Let's liveblog something soon!  (your twin is doing it""",1.0,1.0
2020-10-08T06:10:01.632+03:00,"\@Bren_311 Don't be""",1.0,1.0
2020-10-08T06:14:01.377+03:00,"\@Bren_311 lol""",0.0,1.0
2020-10-08T06:16:01.867+03:00,"\@bren3gold Hiya Brenda!  My Friday was long""",1.0,1.0
2020-10-08T06:22:02.197+03:00,"\@brenda_t Well""",1.0,1.0
2020-10-08T08:14:04.631+03:00,"\@Brendacopeland &quot;me too&quot;--which one""",1.0,1.0
2020-10-08T08:15:04.603+03:00,"\@brendaisarebel I think it's because the comm is moderated""",0.0,1.0
2020-10-08T08:24:04.524+03:00,"\@brendamazing tomorrow""",0.0,1.0
2020-10-08T08:26:04.551+03:00,"\@brendandocherty Wish I was""",1.0,1.0
2020-10-08T08:27:04.927+03:00,"\@brendanheaney ordered stuff and it never arrived""",0.0,0.0
2020-10-08T08:35:04.977+03:00,"\@brendaxli Ooh""",1.0,1.0
2020-10-08T08:37:04.575+03:00,"\@brendaxoxo Thanks!  I hope I get to soon""",1.0,1.0
2020-10-08T08:42:05.508+03:00,"\@brendo_91 Hehe""",0.0,1.0
2020-10-08T08:44:04.887+03:00,"\@brendonsinclair Been looking at your ride photos. When's the next big adventure""",1.0,1.0
2020-10-08T08:45:04.593+03:00,"\@brendonsinclair You do realise""",0.0,1.0
2020-10-08T10:05:04.537+03:00,"\@Brendu_mcr -besides""",0.0,0.0
2020-10-08T10:08:04.606+03:00,"\@brenflakes thanks""",1.0,1.0
2020-10-08T10:15:04.524+03:00,"\@BrennaFender Hrm""",1.0,1.0
2020-10-08T10:16:04.481+03:00,"\@BrennaFender I saw that!  It really does look just like it""",0.0,1.0
2020-10-08T10:23:04.519+03:00,"\@brennasaurus  If it helps any""",1.0,1.0
2020-10-08T10:28:05.017+03:00,"\@brent_thomas I have a bottle of it in my closet""",0.0,1.0
2020-10-08T11:15:05.019+03:00,"\@BrentCorrigan00 http://twitpic.com/7iepl - wow""",0.0,1.0
2020-10-08T11:21:04.526+03:00,"\@BrentDPayne That's pretty funny""",0.0,1.0
2020-10-08T11:22:04.543+03:00,"\@brenteatworld yeah actually""",0.0,1.0
2020-10-08T11:23:05.479+03:00,"\@brentertz I didnt think I would like it because of the heat""",0.0,1.0
2020-10-08T11:26:04.542+03:00,"\@brentisbored aww""",0.0,0.0
2020-10-08T11:32:05.000+03:00,"\@BrentLauren oohhhh""",1.0,1.0
2020-10-08T11:34:04.614+03:00,"\@brentmartell I'm actually a little scared now""",0.0,0.0
2020-10-08T11:39:04.546+03:00,"\@BrentO hey""",1.0,1.0
2020-10-08T11:44:04.488+03:00,"\@brentontaylor Winner took home $260""",0.0,1.0
2020-10-08T11:45:05.223+03:00,"\@brentrobertson LOL! Dude""",0.0,1.0
2020-10-08T11:46:04.549+03:00,"\@BrentSpiner oh c'mon confess it""",1.0,1.0
2020-10-08T00:27:01.481+03:00,"\@davidrisley Ah""",1.0,1.0
2020-10-08T00:29:01.942+03:00,"\@davidrklein I absolutely LOVED the book""",1.0,1.0
2020-10-08T00:31:01.973+03:00,"\@DavidRoyCarr sorry to hear that hun""",0.0,1.0
2020-10-08T00:32:01.901+03:00,"\@DavidRozansky Thanks for the shout out. James stopped by my blog and left a really nice comment""",1.0,1.0
2020-10-08T00:34:01.672+03:00,"\@davidrules04 oh wow""",0.0,1.0
2020-10-08T00:47:01.350+03:00,"\@davidschwimmer hi David""",1.0,1.0
2020-10-08T01:29:01.842+03:00,"\@davidsgallant I stand corrected""",0.0,1.0
2020-10-08T00:50:01.452+03:00,"\@davidsmalley np""",1.0,1.0
2020-10-08T01:36:01.731+03:00,"\@DavidSpinks not a job""",1.0,1.0
2020-10-08T00:54:01.882+03:00,"\@davidspruell David""",1.0,1.0
2020-10-08T01:01:01.703+03:00,"\@DavidSulik i think she is too""",0.0,1.0
2020-10-08T01:02:01.462+03:00,"\@davidswinney Now they finally have ads w/ their own inaccuracies. Ah""",1.0,1.0
2020-10-08T01:39:01.636+03:00,"\@davidswords talk about irony  you might need to use a different translator next time""",0.0,1.0
2020-10-08T01:06:01.349+03:00,"\@DavidTsirekas Absolutely! btw""",0.0,1.0
2020-10-08T01:07:01.823+03:00,"\@DavidTsirekas Have you read my bio? It explains everything! Think I will write a book""",0.0,1.0
2020-10-08T01:43:01.310+03:00,"\@DavidTsirekas Yum""",1.0,1.0
2020-10-08T01:11:01.254+03:00,"\@DavidVasileff what are you saying""",0.0,0.0
2020-10-08T01:12:02.124+03:00,"\@davidwakeman Thanks for the suggsestions!  Ill have to check them out""",1.0,1.0
2020-10-08T01:13:01.720+03:00,"\@DavidWalkerTV myself""",1.0,1.0
2020-10-08T01:15:01.784+03:00,"\@davidwalshblog errghh wrong. lol Dave""",0.0,0.0
2020-10-08T01:16:01.714+03:00,"\@davidwalshblog i'm tire too. though i know why. ;) my granddaughter was up at 2:30am""",0.0,0.0
2020-10-08T01:50:01.869+03:00,"\@davidwalters Shwmae David""",1.0,1.0
2020-10-08T01:51:01.423+03:00,"\@davidwebb_uk Assuming I'm approved it wil""",0.0,0.0
2020-10-08T01:17:01.656+03:00,"\@DavidWheelerPhD @tat2dsteelergal I bought &quot;tiny&quot; cupcakes yesterday""",1.0,1.0
2020-10-08T01:18:01.586+03:00,"\@davidwhittam My job got a bit high-powered all of a sudden""",0.0,1.0
2020-10-08T02:34:01.918+03:00,"\@DavidWoods yes""",1.0,1.0
2020-10-08T02:38:01.796+03:00,"\@davidxinfo everytime I play it to at least 1000+ the place goes nuts!!!  oh man""",0.0,1.0
2020-10-08T02:45:01.700+03:00,"\@davidyhlee Hey! I'd like to be at your #openlab""",1.0,1.0
2020-10-08T01:21:01.444+03:00,"\@DavieLegend - Yey I like your tweet""",1.0,1.0
2020-10-08T01:57:01.377+03:00,"\@DaViexJonas i totally agree""",0.0,1.0
2020-10-08T02:53:01.688+03:00,"\@Davina_Morris ah that's cool""",1.0,1.0
2020-10-08T02:03:01.337+03:00,"\@Davina_Morris LOL""",0.0,1.0
2020-10-08T02:05:01.884+03:00,"\@davinamcall it's mad and random""",0.0,0.0
2020-10-08T02:11:01.799+03:00,"\@davis_k yep""",0.0,1.0
2020-10-08T03:04:02.170+03:00,"\@davissears hahaha""",1.0,1.0
2020-10-08T02:13:01.718+03:00,"\@davissears oh shit""",0.0,0.0
2020-10-08T03:06:02.199+03:00,"\@DavonnaDarling it's been alright so far. i'm so sorry""",0.0,0.0
2020-10-08T03:08:01.647+03:00,"\@DavorinPavlica @ruph he""",1.0,1.0
2020-10-08T03:54:01.777+03:00,"\@davry hello thanks for following me""",1.0,1.0
2020-10-08T03:56:02.092+03:00,"\@davsot Yeah""",0.0,1.0
2020-10-08T02:25:01.777+03:00,"\@DavsTaylor Yeah""",0.0,1.0
2020-10-08T03:58:02.093+03:00,"\@Davvianne Sadly not""",0.0,0.0
2020-10-08T02:27:02.247+03:00,"\@davymac no""",0.0,0.0
2020-10-08T04:04:02.313+03:00,"\@davynathan glad to have you back!! I might see you in Denver or Houston *that depends on if you are there""",1.0,1.0
2020-10-08T04:10:01.678+03:00,"\@davynathan Niiice""",1.0,1.0
2020-10-08T06:59:01.906+03:00,"\@davynathan Thanks for sharing. I""",1.0,1.0
2020-10-08T04:15:01.752+03:00,"\@daw69 I am!  I have too much to do to take a nap! lol no late nite for me tonight""",0.0,0.0
2020-10-08T07:04:02.067+03:00,"\@DAW69 I like the WHEN""",1.0,1.0
2020-10-08T04:16:01.355+03:00,"\@DAW69 it was on the live feed this morning..he said &quot;if u don't like my chollo socks""",1.0,1.0
2020-10-08T07:06:02.286+03:00,"\@dawak just can't find books for it""",1.0,0.0
2020-10-08T07:07:01.702+03:00,"\@DawaunParker good luck""",1.0,1.0
2020-10-08T07:08:01.736+03:00,"\@DawaunParker lol it should be soon - no one rocks it anymore..me""",0.0,1.0
2020-10-08T07:15:02.187+03:00,"\@dawizonline Best of luck""",1.0,1.0
2020-10-08T04:22:02.090+03:00,"\@dawizonline Hey there""",1.0,1.0
2020-10-08T04:23:01.673+03:00,"\@dawizonline no""",0.0,0.0
2020-10-08T05:08:01.267+03:00,"\@Dawn_Abraham So the signal from the universe entered my head in the wrong direction? Okay""",0.0,0.0
2020-10-08T05:10:01.661+03:00,"\@dawn_dewar Absolutely""",0.0,1.0
2020-10-08T05:11:01.710+03:00,"\@dawn_hall Nope""",0.0,1.0
2020-10-08T07:29:04.712+03:00,"\@Dawna77 At the time I did too""",1.0,1.0
2020-10-08T07:31:04.700+03:00,"\@DawnBalagot not unless u keep ur promise &amp; we go to superklasse  or fine""",1.0,1.0
2020-10-08T05:16:01.351+03:00,"\@dawnbugni Really? Neato.  Domestic or otherwise?  Never heard of a possum farm""",0.0,1.0
2020-10-08T05:18:01.727+03:00,"\@dawnd66 ha ha""",0.0,1.0
2020-10-08T05:20:01.770+03:00,"\@DawnDelRusso I swear I'm nocturnal""",0.0,1.0
2020-10-08T08:53:04.565+03:00,"\@dawnhallybone  Thank you Dawn..  Sunshine""",1.0,1.0
2020-10-08T08:56:04.541+03:00,"\@dawnieb0 oh i seee. OK now""",0.0,1.0
2020-10-08T05:24:01.923+03:00,"\@dawniecahill things are alright""",0.0,1.0
2020-10-08T05:25:01.278+03:00,"\@dawningthoughts and let me know when the opening is""",0.0,1.0
2020-10-08T05:28:02.504+03:00,"\@dawnk777 Oh yes""",0.0,1.0
2020-10-08T05:29:01.657+03:00,"\@DawnKA Hey Sistah""",1.0,1.0
2020-10-08T09:01:04.505+03:00,"\@dawnlangstroth HELP! don't get it. where is the reply button? tried it""",0.0,0.0
2020-10-08T05:30:02.202+03:00,"\@dawnlangstroth It was awesome meeting U. Your set was SO GREAT! I got some good shots of ya! Then I bought your CD's""",1.0,1.0
2020-10-08T09:06:04.510+03:00,"\@DawnMarieLS good morning beautiful""",1.0,1.0
2020-10-08T05:35:01.765+03:00,"\@dawnmay7 Amen""",0.0,1.0
2020-10-08T09:08:04.500+03:00,"\@dawnmcwilliams  I'm not quite sure what you mean to be asking. I think the answer is probably yes""",0.0,1.0
2020-10-08T05:37:01.708+03:00,"\@dawnmetcalf Hey""",1.0,1.0
2020-10-08T09:14:04.532+03:00,"\@dawnmh i totally agree... jon &amp; kate need counseling not divorce... how sad...  divorce is always so sad""",1.0,1.0
2020-10-08T05:38:01.840+03:00,"\@DawnMHSH   poor guy!  And poor mom""",0.0,0.0
2020-10-08T05:39:01.975+03:00,"\@DawnNicole_xo Aww""",0.0,0.0
2020-10-08T05:40:02.156+03:00,"\@DawnNicole_xo I'm good with money""",0.0,1.0
2020-10-08T09:15:04.512+03:00,"\@DawnofOURnight Yeah""",0.0,0.0
2020-10-08T09:17:04.444+03:00,"\@dawnomite Been there""",1.0,1.0
2020-10-08T06:24:02.154+03:00,"\@dawnr1101 Awesome! I have all the confidence in you. But more importantly""",1.0,1.0
2020-10-08T09:19:04.572+03:00,"\@DawnRichard  Thanks Sissy!!!!!!! Be sure to check ur Myspace tonight""",1.0,1.0
2020-10-08T06:35:02.111+03:00,"\@DawnRichard aw""",1.0,0.0
2020-10-08T06:41:01.313+03:00,"\@DawnRichard Dawwwwwwwwwwwwn""",1.0,1.0
2020-10-08T06:42:02.484+03:00,"\@DawnRichard Enjoy your session Dawny""",1.0,1.0
2020-10-08T06:45:03.403+03:00,"\@DawnRichard Get some sleep  stay healthy so that u can continue w/ the positivity! Dont let the negativity in""",0.0,1.0
2020-10-08T06:47:01.671+03:00,"\@DawnRichard Gone do ya thang""",0.0,1.0
2020-10-08T07:42:04.737+03:00,"\@DawnRichard my rain is that i have so much heart 4 ppl""",0.0,1.0
2020-10-08T07:44:04.607+03:00,"\@dawnrichard omg dont drink that!!!  what a horrible name for a drink lol...... did u taste it? lol""",0.0,0.0
2020-10-08T08:00:04.665+03:00,"\@dawnvictoria i had a load of fun  as always""",1.0,1.0
2020-10-08T08:01:04.697+03:00,"\@dawnwadawn HAHAHA! Iz okay""",0.0,1.0
2020-10-08T09:21:04.539+03:00,"\@daxholt oh""",0.0,0.0
2020-10-08T09:30:05.876+03:00,"\@day_b Good""",1.0,1.0
2020-10-08T09:36:04.664+03:00,"\@DAY26addict Yeah""",0.0,1.0
2020-10-08T09:41:04.851+03:00,"\@dayanza yea? that's great for you...Hate You!! not really""",0.0,1.0
2020-10-08T09:42:04.588+03:00,"\@Dayat_Cookie ohh :o okehh..i understand (; y'know""",0.0,1.0
2020-10-08T09:45:04.508+03:00,"\@daybreak1012 Aw""",1.0,0.0
2020-10-08T09:58:04.506+03:00,"\@daydreamer22688 Oooooh""",1.0,1.0
2020-10-08T10:38:04.548+03:00,"\@daydreaminbleu Oh girl""",0.0,1.0
2020-10-08T10:39:04.572+03:00,"\@DaydreamLily no I mean the chuck and blair thing""",0.0,1.0
2020-10-08T10:41:04.646+03:00,"\@daydreamwriter work!   But yeah""",0.0,1.0
2020-10-08T10:57:04.508+03:00,"\@DAYNADAY hi  any plans for the day? I'm going to play poker later""",0.0,1.0
2020-10-08T10:58:04.864+03:00,"\@DaynaDelux just got your text. how awesome is that! i take it that wasn't a coincidence? if any # can qualify as adorable""",0.0,1.0
2020-10-08T11:03:04.516+03:00,"\@daynah well""",1.0,1.0
2020-10-08T11:11:04.911+03:00,"\@daynoir I don't know why this year. Came last year and sailed straight in. This year""",0.0,0.0
2020-10-08T11:12:04.588+03:00,"\@DayOfDNN rockin""",1.0,1.0
2020-10-08T11:50:04.538+03:00,"\@days_beforeyou â™« for what its worth â™« Ricky tiene razÃ³n""",1.0,1.0
2020-10-08T11:52:04.928+03:00,"\@daysie No""",0.0,0.0
2020-10-08T11:53:04.638+03:00,"\@DaysiFranco yeah""",0.0,1.0
2020-10-08T12:03:04.459+03:00,"\@DayvilleHamoway Davel I am hating you for posting all these vids""",1.0,0.0
2020-10-08T12:05:04.519+03:00,"\@DAZ081068 LOL""",0.0,1.0
2020-10-08T12:08:04.560+03:00,"\@daz2211 yes""",1.0,1.0
2020-10-08T12:14:04.509+03:00,"\@Dazieh BGT completely passed me by  mostly due to my life threatening allergy to Piers Morgan and Simon Cowell""",1.0,1.0
2020-10-08T12:24:04.954+03:00,"\@Dazzledust25 i'm good thanks""",1.0,1.0
2020-10-08T12:27:04.644+03:00,"\@dazzleme18 Awww""",0.0,0.0
2020-10-08T12:32:04.660+03:00,"\@DazzleMeThis  *hugs* i hope your okay. you can talk to me on msn about it""",0.0,0.0
2020-10-08T12:36:05.350+03:00,"\@DazzleMeThis bitch""",0.0,0.0